X,Y
-0.0000100000034500,1.0000000000000000,
-0.0100134546067800,0.9993108172287610,
-0.0200238093018500,0.9986218846653470,
-0.0300410711049400,0.9979332020054410,
-0.0400652470449900,0.9972447689031750,
-0.0500963441635800,0.9965565850913760,
-0.0601343695150200,0.9958686501475920,
-0.0701793301663300,0.9951809637666520,
-0.0802312331973400,0.9944935257101380,
-0.0902900857006300,0.9938063355128980,
-0.1003558947816700,0.9931193929550830,
-0.1104286675587900,0.9924326976278250,
-0.1205084111632200,0.9917462493153290,
-0.1305951327391600,0.9910600476075540,
-0.1406888394437800,0.9903740920877050,
-0.1507895384472600,0.9896883826767870,
-0.1608972369328200,0.9890029188153060,
-0.1710119420968300,0.9883177002451410,
-0.1811336611487500,0.9876327266020520,
-0.1912624013111500,0.9869479976648600,
-0.2013981698199000,0.9862635129367670,
-0.2115409739240300,0.9855792723182100,
-0.2216908208858900,0.9848952753496390,
-0.2318477179810600,0.9842115215155820,
-0.2420116724985300,0.9835280110018670,
-0.2521826917407300,0.9828447428520080,
-0.2623607830233600,0.9821617171450130,
-0.2725459536756300,0.9814789335471560,
-0.2827382110403000,0.9807963912420450,
-0.2929375624736100,0.9801140907573310,
-0.3031440153454100,0.9794320309203790,
-0.3133575770391000,0.9787502119597160,
-0.3235782549517200,0.9780686332759930,
-0.3338060564940200,0.9773872947192020,
-0.3440409890905100,0.9767061955989990,
-0.3542830601794300,0.9760253360020740,
-0.3645322772126800,0.9753447152835670,
-0.3747886476562300,0.9746643333928620,
-0.3850521789898200,0.9739841900988080,
-0.3953228787070300,0.9733042846928250,
-0.4056007543154500,0.9726246167163850,
-0.4158858133366200,0.9719451864227630,
-0.4261780633062300,0.9712659929674250,
-0.4364775117738900,0.9705870363317990,
-0.4467841663033200,0.9699083160072070,
-0.4570980344725100,0.9692298315751930,
-0.4674191238735300,0.9685515831231610,
-0.4777474421128300,0.9678735702099730,
-0.4880829968109500,0.9671957918558990,
-0.4984257956027600,0.9665182483630900,
-0.5087758461375700,0.9658409390516930,
-0.5191331560789500,0.9651638642344890,
-0.5294977331050500,0.9644870230277400,
-0.5398695849083200,0.9638104149565880,
-0.5502487191958300,0.9631340402074770,
-0.5606351436891900,0.9624578980696040,
-0.5710288661246400,0.9617819879897720,
-0.5814298942529700,0.9611063104345390,
-0.5918382358396100,0.9604308644687190,
-0.6022538986647900,0.9597556498610280,
-0.6126768905234700,0.9590806658655490,
-0.6231072192255000,0.9584059133143940,
-0.6335448925952900,0.9577313907461950,
-0.6439899184725700,0.9570570979852140,
-0.6544423047115700,0.9563830354104420,
-0.6649020591817200,0.9557092017479680,
-0.6753691897673800,0.9550355973014050,
-0.6858437043680000,0.9543622215679810,
-0.6963256108981600,0.9536890742717030,
-0.7068149172874700,0.9530161551236630,
-0.7173116314812600,0.9523434632522820,
-0.7278157614389400,0.9516709992338400,
-0.7383273151360500,0.9509987617969330,
-0.7488463005632900,0.9503267511857110,
-0.7593727257267600,0.9496549673035230,
-0.7699065986479200,0.9489834090904410,
-0.7804479273635700,0.9483120764442020,
-0.7909967199261000,0.9476409692844550,
-0.8015529844033800,0.9469700872434300,
-0.8121167288790100,0.9462994298693640,
-0.8226879614518500,0.9456289970776670,
-0.8332666902368100,0.9449587870619170,
-0.8438529233644900,0.9442888018505260,
-0.8544466689808300,0.9436190398686290,
-0.8650479352480700,0.9429495007925420,
-0.8756567303441000,0.9422801842174900,
-0.8862730624627400,0.9416110901958410,
-0.8968969398138600,0.9409422177531320,
-0.9075283706228600,0.9402735668461860,
-0.9181673631315800,0.9396051374515730,
-0.9288139255979600,0.9389369293001330,
-0.9394680662958900,0.9382689417576380,
-0.9501297935157100,0.9376011741014270,
-0.9607991155636700,0.9369336267172590,
-0.9714760407624800,0.9362662987068570,
-0.9821605774508600,0.9355991903576290,
-0.9928527339843600,0.9349323001810720,
-1.0035525187343800,0.9342656290918130,
-1.0142599400894400,0.9335991766684750,
-1.0249750064543000,0.9329329413869750,
-1.0356977262500500,0.9322669240204530,
-1.0464281079145500,0.9316011240942000,
-1.0571661599023800,0.9309355405224530,
-1.0679118906845200,0.9302701737196790,
-1.0786653087492400,0.9296050233480080,
-1.0894264226010500,0.9289400888405510,
-1.1001952407616900,0.9282753698965240,
-1.1109717717695900,0.9276108660320070,
-1.1217560241803200,0.9269465769311940,
-1.1325480065661500,0.9262825020538740,
-1.1433477275169800,0.9256186419693460,
-1.1541551956390600,0.9249549950975620,
-1.1649704195560800,0.9242915620942330,
-1.1757934079095200,0.9236283425024050,
-1.1866241693573100,0.9229653346470770,
-1.1974627125747800,0.9223025400400910,
-1.2083090462547100,0.9216399574311850,
-1.2191631791073400,0.9209775868257800,
-1.2300251198609500,0.9203154275088600,
-1.2408948772603200,0.9196534791241570,
-1.2517724600685500,0.9189917417922090,
-1.2626578770659000,0.9183302145559450,
-1.2735511370501500,0.9176688971391230,
-1.2844522488373700,0.9170077897512690,
-1.2953612212611100,0.9163468917864730,
-1.3062780631728000,0.9156862028134260,
-1.3172027834417200,0.9150257222964240,
-1.3281353909548400,0.9143654508564560,
-1.3390758946173800,0.9137053871182710,
-1.3500243033523900,0.9130455302600020,
-1.3609806261013800,0.9123858820198290,
-1.3719448718238100,0.9117264395434010,
-1.3829170494971100,0.9110672039169820,
-1.3938971681174100,0.9104081746090690,
-1.4048852366988900,0.9097493518644110,
-1.4158812642740800,0.9090907340598190,
-1.4268852598938500,0.9084323214525360,
-1.4378972326276700,0.9077741140594290,
-1.4489171915635700,0.9071161108893980,
-1.4599451458081600,0.9064583119738110,
-1.4709811044865500,0.9058007171249560,
-1.4820250767426100,0.9051433254848770,
-1.4930770717391800,0.9044861374628220,
-1.5041370986575800,0.9038291522228210,
-1.5152051666982600,0.9031723691849120,
-1.5262812850806300,0.9025157884150430,
-1.5373654630425600,0.9018594093795290,
-1.5484577098414000,0.9012032318890130,
-1.5595580347535300,0.9005472554036020,
-1.5706664470745400,0.8998914793007140,
-1.5817829561193800,0.8992359044287410,
-1.5929075712222600,0.8985805282238550,
-1.6040403017361700,0.8979253529515680,
-1.6151811570339100,0.8972703769161450,
-1.6263301465074900,0.8966155992223970,
-1.6374872795690500,0.8959610201360290,
-1.6486525656495000,0.8953066397331860,
-1.6598260141998900,0.8946524568123190,
-1.6710076346908500,0.8939984724600500,
-1.6821974366126700,0.8933446844878330,
-1.6933954294754400,0.8926910935446160,
-1.7046016228090600,0.8920376993021810,
-1.7158160261638900,0.8913845012587110,
-1.7270386491094100,0.8907314987394270,
-1.7382695012360300,0.8900786923239320,
-1.7495085921538100,0.8894260802103070,
-1.7607559314930800,0.8887736632916610,
-1.7720115289038300,0.8881214410218080,
-1.7832753940570400,0.8874694124017920,
-1.7945475366442800,0.8868175786332450,
-1.8058279663772300,0.8861659377893030,
-1.8171166929876500,0.8855144885777030,
-1.8284137262280500,0.8848632332927790,
-1.8397190758724600,0.8842121695851720,
-1.8510327517140200,0.8835612986260630,
-1.8623547635680000,0.8829106195265910,
-1.8736851212695300,0.8822601312813110,
-1.8850238346758700,0.8816098335255320,
-1.8963709136631700,0.8809597258479780,
-1.9077263681307300,0.8803098096467880,
-1.9190902079965800,0.8796600828030390,
-1.9304624432024500,0.8790105452337120,
-1.9418430837097800,0.8783611978347970,
-1.9532321395013700,0.8777120380943370,
-1.9646296205814700,0.8770630671317490,
-1.9760355369760500,0.8764142841887480,
-1.9874498987326600,0.8757656885854940,
-1.9988727159197400,0.8751172807133410,
-2.0103039986274800,0.8744690607236400,
-2.0217437569679700,0.8738210262316990,
-2.0331920010748800,0.8731731780081950,
-2.0446487411045500,0.8725255166128770,
-2.0561139872331100,0.8718780398427440,
-2.0675877496605300,0.8712307488244900,
-2.0790700386085700,0.8705836424686100,
-2.0905608643205500,0.8699367204071540,
-2.1020602370617200,0.8692899830629910,
-2.1135681671202500,0.8686434294956340,
-2.1250846648062700,0.8679970590550660,
-2.1366097404522000,0.8673508708292730,
-2.1481434044129400,0.8667048666975950,
-2.1596856670658800,0.8660590453043860,
-2.1712365388111200,0.8654134043049560,
-2.1827960300715500,0.8647679454178740,
-2.1943641512924800,0.8641226685870740,
-2.2059409129417900,0.8634775732240440,
-2.2175263255111400,0.8628326561619680,
-2.2291203995134500,0.8621879213099220,
-2.2407231454865400,0.8615433653683080,
-2.2523345739903700,0.8608989883288350,
-2.2639546956077100,0.8602547915444770,
-2.2755835209456200,0.8596107736645690,
-2.2872210606335400,0.8589669329352150,
-2.2988673253247000,0.8583232706359180,
-2.3105223256957100,0.8576797871734360,
-2.3221860724467500,0.8570364803862950,
-2.3338585763015600,0.8563933499568530,
-2.3455398480072800,0.8557503961221350,
-2.3572298983357400,0.8551076196543360,
-2.3689287380814200,0.8544650181596380,
-2.3806363780636100,0.8538225920607950,
-2.3923528291239200,0.8531803418426680,
-2.4040781021307100,0.8525382660523930,
-2.4158122079750400,0.8518963644689780,
-2.4275551575718300,0.8512546367997840,
-2.4393069618601800,0.8506130825545380,
-2.4510676318053100,0.8499717032241700,
-2.4628371783950200,0.8493304953571370,
-2.4746156126426100,0.8486894600702840,
-2.4864029455852300,0.8480485977125390,
-2.4981991882859200,0.8474079054858080,
-2.5100043518313600,0.8467673869981300,
-2.5218184473334900,0.8461270385291690,
-2.5336414859291700,0.8454868609721330,
-2.5454734787803100,0.8448468536451250,
-2.5573144370736000,0.8442070167220510,
-2.5691643720221900,0.8435673500032610,
-2.5810232948613100,0.8429278512067090,
-2.5928912168563500,0.8422885225517980,
-2.6047681492947700,0.8416493621419120,
-2.6166541034897900,0.8410103694649630,
-2.6285490907811600,0.8403715443788640,
-2.6404531225334600,0.8397328871326420,
-2.6523662101381900,0.8390943974656690,
-2.6642883650115700,0.8384560731565380,
-2.6762195985956900,0.8378179164246300,
-2.6881599223593400,0.8371799251512270,
-2.7001093477981100,0.8365421000026670,
-2.7120678864321900,0.8359044392719800,
-2.7240355498085200,0.8352669432349170,
-2.7360123495006900,0.8346296134164380,
-2.7479982971086800,0.8339924463800360,
-2.7599934042596100,0.8333554433223910,
-2.7719976826063700,0.8327186031135920,
-2.7840111438279700,0.8320819258164820,
-2.7960337996314600,0.8314454122199670,
-2.8080656617507400,0.8308090600144650,
-2.8201067419467000,0.8301728700449700,
-2.8321570520060900,0.8295368422615030,
-2.8442166037440800,0.8289009730472470,
-2.8562854090033200,0.8282652671724590,
-2.8683634796517400,0.8276297205706590,
-2.8804508275865500,0.8269943354264650,
-2.8925474647320100,0.8263591083397780,
-2.9046534030408300,0.8257240416058410,
-2.9167686544922300,0.8250891320309910,
-2.9288932310941100,0.8244543827962100,
-2.9410271448807300,0.8238197904939670,
-2.9531704079167200,0.8231853564431710,
-2.9653230322921800,0.8225510788694910,
-2.9774850301280700,0.8219169604698580,
-2.9896564135710900,0.8212829968464100,
-3.0018371947978300,0.8206491904063230,
-3.0140273860126500,0.8200155375511220,
-3.0262269994498000,0.8193820430052940,
-3.0384360473711700,0.8187487031719950,
-3.0506545420659600,0.8181155176550850,
-3.0628824958543700,0.8174824846836370,
-3.0751199210852300,0.8168496088176210,
-3.0873668301355100,0.8162168839868400,
-3.0996232354128000,0.8155843144827620,
-3.1118891493521500,0.8149518966066520,
-3.1241645844188800,0.8143196312187600,
-3.1364495531075000,0.8136875181371140,
-3.1487440679434100,0.8130555563390780,
-3.1610481414794800,0.8124237459963930,
-3.1733617862991400,0.8117920868821350,
-3.1856850150159200,0.8111605784586840,
-3.1980178402733500,0.8105292198781030,
-3.2103602747452700,0.8098980108093440,
-3.2227123311341100,0.8092669512421430,
-3.2350740221752600,0.8086360405942460,
-3.2474453606323200,0.8080052789107990,
-3.2598263592996800,0.8073746651430830,
-3.2722170310026800,0.8067441999913400,
-3.2846173885973000,0.8061138810683740,
-3.2970274449701400,0.8054837096766390,
-3.3094472130384800,0.8048536854248610,
-3.3218767057514700,0.8042238075098150,
-3.3343159360888500,0.8035940756498090,
-3.3467649170604600,0.8029644895503730,
-3.3592236617095700,0.8023350471524540,
-3.3716921831094000,0.8017057509701510,
-3.3841704943649600,0.8010765987655020,
-3.3966586086129500,0.8004475902782840,
-3.4091565390219800,0.7998187254034240,
-3.4216642987921500,0.7991900041012890,
-3.4341819011567200,0.7985614252615680,
-3.4467093593790000,0.7979329895452060,
-3.4592466867556300,0.7973046948663950,
-3.4717938966158800,0.7966765419938670,
-3.4843510023213800,0.7960485309556140,
-3.4969180172650200,0.7954206599744230,
-3.5094949548742000,0.7947929303642890,
-3.5220818286078300,0.7941653410542550,
-3.5346786519578600,0.7935378910134740,
-3.5472854384501100,0.7929105806022570,
-3.5599022016416100,0.7922834085964380,
-3.5725289551248900,0.7916563756322540,
-3.5851657125244100,0.7910294781928610,
-3.5978124874976200,0.7904027216203460,
-3.6104692937365400,0.7897761016476510,
-3.6231361449669500,0.7891496180334440,
-3.6358130549484600,0.7885232724663720,
-3.6485000374740200,0.7878970620311510,
-3.6611971063701100,0.7872709865206730,
-3.6739042754995800,0.7866450473523140,
-3.6866215587567400,0.7860192428115490,
-3.6993489700722300,0.7853935732724980,
-3.7120865234109800,0.7847680376490700,
-3.7248342327714600,0.7841426358381130,
-3.7375921121877700,0.7835173679785160,
-3.7503601757296500,0.7828922328716300,
-3.7631384375006600,0.7822672286712090,
-3.7759269116392700,0.7816423590265420,
-3.7887256123212000,0.7810176198119570,
-3.8015345537547000,0.7803930129898310,
-3.8143537501849500,0.7797685361343820,
-3.8271832158947100,0.7791441901947700,
-3.8400229652003700,0.7785199746033910,
-3.8528730124537500,0.7778958895188130,
-3.8657333720435800,0.7772719318504880,
-3.8786040583933300,0.7766481039653320,
-3.8914850859663200,0.7760244053065820,
-3.9043764692587000,0.7754008357403780,
-3.9172782228071500,0.7747773919196800,
-3.9301903611798700,0.7741540775149090,
-3.9431128989846800,0.7735308876492000,
-3.9560458508674200,0.7729078262154380,
-3.9689892315090900,0.7722848913307440,
-3.9819430556285800,0.7716620796609580,
-3.9949073379813500,0.7710393940482970,
-4.0078820933615800,0.7704168355858530,
-4.0208673366007600,0.7697943999265060,
-4.0338630825675600,0.7691720886738190,
-4.0468693461693400,0.7685499012744850,
-4.0598861423515800,0.7679278385946640,
-4.0729134860969500,0.7673058951006850,
-4.0859513924267400,0.7666840766921870,
-4.0989998764011100,0.7660623811940260,
-4.1120589531185200,0.7654408043721960,
-4.1251286377164400,0.7648193524654080,
-4.1382089453700300,0.7641980193326320,
-4.1512998912959700,0.7635768056291260,
-4.1644014907478100,0.7629557149597150,
-4.1775137590190900,0.7623347420724800,
-4.1906367114431100,0.7617138872816510,
-4.2037703633932900,0.7610931532451220,
-4.2169147302822100,0.7604725378709070,
-4.2300698275605200,0.7598520398071860,
-4.2432356707219000,0.7592316576376150,
-4.2564122752974400,0.7586113951425260,
-4.2695996568607500,0.7579912491748750,
-4.2827978310248900,0.7573712170444930,
-4.2960068134450000,0.7567513042101030,
-4.3092266198162700,0.7561315039867780,
-4.3224572658711600,0.7555118187656640,
-4.3356987673889800,0.7548922501460970,
-4.3489511401849100,0.7542727955281310,
-4.3622144001217900,0.7536534531848860,
-4.3754885630998700,0.7530342253830590,
-4.3887736450601900,0.7524151125546880,
-4.4020696619884200,0.7517961089529520,
-4.4153766299100700,0.7511772180310110,
-4.4286945648931800,0.7505584407457010,
-4.4420234830494400,0.7499397728793300,
-4.4553634005332000,0.7493212157478550,
-4.4687143335386700,0.7487027707458270,
-4.4820762983061700,0.7480844346967990,
-4.4954493111160800,0.7474662104162710,
-4.5088333882934500,0.7468480927578080,
-4.5222285462074600,0.7462300836903460,
-4.5356348012686500,0.7456121848785050,
-4.5490521699330400,0.7449943929538440,
-4.5624806686998400,0.7443767077407340,
-4.5759203141102100,0.7437591313368970,
-4.5893711227517000,0.7431416607397950,
-4.6028331112567800,0.7425242962100110,
-4.6163062963007400,0.7419070367684530,
-4.6297906946041100,0.7412898821316310,
-4.6432863229308400,0.7406728350443080,
-4.6567931980919400,0.7400558923053280,
-4.6703113369418700,0.7394390521106280,
-4.6838407563807200,0.7388223161446660,
-4.6973814733545700,0.7382056823667620,
-4.7109335048560700,0.7375891521647960,
-4.7244968679210200,0.7369727250020520,
-4.7380715796329800,0.7363564005800410,
-4.7516576571233400,0.7357401758126570,
-4.7652551175654700,0.7351240531597390,
-4.7788639781842400,0.7345080303658020,
-4.7924842562452600,0.7338921057913630,
-4.8061159690661200,0.7332762845854710,
-4.8197591340093400,0.7326605629142910,
-4.8334137684848200,0.7320449386382940,
-4.8470798899501500,0.7314294122508760,
-4.8607575159110700,0.7308139860428490,
-4.8744466639197400,0.7301986542944610,
-4.8881473515765300,0.7295834208689910,
-4.9018595965315800,0.7289682853122470,
-4.9155834164810600,0.7283532451688700,
-4.9293188291716700,0.7277383007485060,
-4.9430658523979600,0.7271234528447680,
-4.9568245040034300,0.7265086994894050,
-4.9705948018798300,0.7258940391415340,
-4.9843767639691400,0.7252794749371180,
-4.9981704082629500,0.7246650033226490,
-5.0119757528015600,0.7240506239994900,
-5.0257928156764900,0.7234363391410790,
-5.0396216150275200,0.7228221462785330,
-5.0534621690466900,0.7222080448183420,
-5.0673144959752400,0.7215940345535760,
-5.0811786141051700,0.7209801151873210,
-5.0950545417783800,0.7203662874203860,
-5.1089422973902900,0.7197525495759080,
-5.1228418993860200,0.7191389011852330,
-5.1367533662612300,0.7185253415888850,
-5.1506767165648800,0.7179118704479220,
-5.1646119688977600,0.7172984885310990,
-5.1785591419111000,0.7166851948219500,
-5.1925182543100600,0.7160719870996680,
-5.2064893248510000,0.7154588666628020,
-5.2204723723430500,0.7148458338078340,
-5.2344674156491100,0.7142328869443440,
-5.2484744736853100,0.7136200253261590,
-5.2624935654191500,0.7130072488644540,
-5.2765247098738100,0.7123945552693420,
-5.2905679261254800,0.7117819492427050,
-5.3046232333037400,0.7111694245997480,
-5.3186906505930700,0.7105569842704180,
-5.3327701972319000,0.7099446258648350,
-5.3468618925117600,0.7093323510172310,
-5.3609657557825700,0.7087201594062050,
-5.3750818064468100,0.7081080471737450,
-5.3892100639628800,0.7074960157875090,
-5.4033505478441800,0.7068840649147180,
-5.4175032776584500,0.7062721963952300,
-5.4316682730332900,0.7056604058249060,
-5.4458455536478000,0.7050486946407020,
-5.4600351392412000,0.7044370628780220,
-5.4742370496076500,0.7038255082291630,
-5.4884513045978200,0.7032140322750740,
-5.5026779241195500,0.7026026351535990,
-5.5169169281392800,0.7019913132120190,
-5.5311683366780600,0.7013800671975390,
-5.5454321698181400,0.7007688977110630,
-5.5597084476974700,0.7001578050856850,
-5.5739971905131300,0.6995467868724670,
-5.5882984185196400,0.6989358416043390,
-5.6026121520311100,0.6983249705491890,
-5.6169384114210300,0.6977141768518480,
-5.6312772171217800,0.6971034535620630,
-5.6456285896253100,0.6964928019883720,
-5.6599925494815700,0.6958822246733360,
-5.6743691173014400,0.6952717189498780,
-5.6887583137546900,0.6946612826619100,
-5.7031601595759100,0.6940509193586620,
-5.7175746755545800,0.6934406263976720,
-5.7320018825459500,0.6928304018715160,
-5.7464418014635500,0.6922202484268340,
-5.7608944532832300,0.6916101632951180,
-5.7753598590411400,0.6910001454488440,
-5.7898380398366200,0.6903901967227100,
-5.8043290168297800,0.6897803146156940,
-5.8188328112456200,0.6891705004134100,
-5.8333494443699100,0.6885607531218190,
-5.8478789375530500,0.6879510717390420,
-5.8624213122055200,0.6873414569311700,
-5.8769765898039500,0.6867319044254270,
-5.8915447918878000,0.6861224206317080,
-5.9061259400601800,0.6855129976049170,
-5.9207200559909000,0.6849036403272120,
-5.9353271614092900,0.6842943438157090,
-5.9499472781125800,0.6836851116155080,
-5.9645804279656900,0.6830759409436450,
-5.9792266328942900,0.6824668331114800,
-5.9938859148912900,0.6818577855756840,
-6.0085582960148000,0.6812487999025130,
-6.0232437983913700,0.6806398758174770,
-6.0379424442117800,0.6800310080173560,
-6.0526542557347700,0.6794222004734110,
-6.0673792552848100,0.6788134541688890,
-6.0821174652546100,0.6782047643001760,
-6.0968689081034300,0.6775961321150570,
-6.1116336063600500,0.6769875593555870,
-6.1264115826187100,0.6763790404031840,
-6.1412028595456700,0.6757705799214360,
-6.1560074598728400,0.6751621746172310,
-6.1708254064031700,0.6745538251983190,
-6.1856567220066600,0.6739455309804910,
-6.2005014296246700,0.6733372899414580,
-6.2153595522670500,0.6727291035320730,
-6.2302311130176400,0.6721209701539310,
-6.2451161350252400,0.6715128911162030,
-6.2600146415120000,0.6709048627350700,
-6.2749266557726800,0.6702968876289160,
-6.2898522011719700,0.6696889632238200,
-6.3047913011451300,0.6690810896650990,
-6.3197439792030400,0.6684732662824490,
-6.3347102589231800,0.6678654957907650,
-6.3496901639613900,0.6672577718838000,
-6.3646837180408800,0.6666500963526510,
-6.3796909449635300,0.6660424699451550,
-6.3947118686002200,0.6654348918308350,
-6.4097465129030300,0.6648273609864680,
-6.4247949018886400,0.6642198760266940,
-6.4398570596536000,0.6636124391070400,
-6.4549330103688800,0.6630050462066860,
-6.4700227782793800,0.6623977012866240,
-6.4851263877079000,0.6617903977499210,
-6.5002438630491300,0.6611831431973370,
-6.5153752287786900,0.6605759279875340,
-6.5305205094430100,0.6599687599354400,
-6.5456797296721400,0.6593616307888880,
-6.5608529141701800,0.6587545451478090,
-6.5760400877166100,0.6581475028600110,
-6.5912412751703000,0.6575405010075520,
-6.6064565014681800,0.6569335404031960,
-6.6216857916262800,0.6563266184102150,
-6.6369291707395000,0.6557197380080110,
-6.6521866639829800,0.6551128964823600,
-6.6674582966086100,0.6545060916429360,
-6.6827440939488300,0.6538993271232290,
-6.6980440814189400,0.6532925998927500,
-6.7133582845139400,0.6526859099477640,
-6.7286867288073900,0.6520792544811470,
-6.7440294399550500,0.6514726354101080,
-6.7593864436966500,0.6508660545908890,
-6.7747577658533200,0.6502595081366570,
-6.7901434323267000,0.6496529948573160,
-6.8055434691024900,0.6490465165676830,
-6.8209579022520700,0.6484400703584340,
-6.8363867579234800,0.6478336581973340,
-6.8518300623536400,0.6472272771632830,
-6.8672878418662200,0.6466209286491820,
-6.8827601228630300,0.6460146125095320,
-6.8982469318360600,0.6454083258687210,
-6.9137482953605300,0.6448020698522740,
-6.9292642400985600,0.6441958417143020,
-6.9447947927988400,0.6435896451481810,
-6.9603399802937300,0.6429834758596690,
-6.9758998295046600,0.6423773365336940,
-6.9914743674400800,0.6417712233658180,
-7.0070636211979700,0.6411651374171230,
-7.0226676179616500,0.6405590773445480,
-7.0382863850063300,0.6399530414356490,
-7.0539199496925900,0.6393470339067640,
-7.0695683394715100,0.6387410512421800,
-7.0852315818859000,0.6381350904509390,
-7.1009097045660100,0.6375291569166300,
-7.1166027352334800,0.6369232436549970,
-7.1323107017034000,0.6363173531391700,
-7.1480336318792500,0.6357114845933670,
-7.1637715537599600,0.6351056388159630,
-7.1795244954312000,0.6344998149997280,
-7.1952924850739500,0.6338940096200800,
-7.2110755509656800,0.6332882261411760,
-7.2268737214720900,0.6326824597746760,
-7.2426870250569100,0.6320767132219100,
-7.2585154902753700,0.6314709836942060,
-7.2743591457801600,0.6308652733027150,
-7.2902180203164100,0.6302595795074700,
-7.3060921427253300,0.6296539015881470,
-7.3219815419474300,0.6290482405572390,
-7.3378862470197000,0.6284425940915210,
-7.3538062870724600,0.6278369624204450,
-7.3697416913360200,0.6272313455853680,
-7.3856924891396700,0.6266257421936910,
-7.4016587099084200,0.6260201543799800,
-7.4176403831691900,0.6254145764865930,
-7.4336375385419900,0.6248090097268780,
-7.4496502057555300,0.6242034577539630,
-7.4656784146318700,0.6235979138368970,
-7.4817221950984500,0.6229923805463020,
-7.4977815771794100,0.6223868583166850,
-7.5138565910054800,0.6217813458554980,
-7.5299472668064200,0.6211758392360190,
-7.5460536349162100,0.6205703424558870,
-7.5621757257701500,0.6199648515669590,
-7.5783135699079800,0.6193593693738010,
-7.5944671979759900,0.6187538926025570,
-7.6106366407235600,0.6181484221487870,
-7.6268219290027000,0.6175429591353200,
-7.6430230937729400,0.6169374953707050,
-7.6592401661006300,0.6163320385743910,
-7.6754731771589500,0.6157265854334060,
-7.6917221582271300,0.6151211353386020,
-7.7079871406924800,0.6145156851959060,
-7.7242681560491100,0.6139102396764480,
-7.7405652359029200,0.6133047932072080,
-7.7568784119659700,0.6126993456296850,
-7.7732077160621700,0.6120938998547030,
-7.7895531801265300,0.6114884550742720,
-7.8059148362002600,0.6108830065747340,
-7.8222927164415000,0.6102775580182190,
-7.8386868531163400,0.6096721062323810,
-7.8550972786033600,0.6090666480469240,
-7.8715240253962400,0.6084611890908700,
-7.8879671261029200,0.6078557274466840,
-7.9044266134416500,0.6072502591138130,
-7.9209025202474900,0.6066447840738480,
-7.9373948794722100,0.6060393031278920,
-7.9539037241816100,0.6054338167627270,
-7.9704290875573300,0.6048283235977280,
-7.9869710028970300,0.6042228204319240,
-8.0035295036186700,0.6036173106918160,
-8.0201046232561800,0.6030117926666970,
-8.0366963954635700,0.6024062622759450,
-8.0533048540112600,0.6018007220387330,
-8.0699300327917000,0.6011951712162680,
-8.0865719658178700,0.6005896094495100,
-8.1032306872235200,0.5999840336669430,
-8.1199062312638900,0.5993784474121580,
-8.1365986323154100,0.5987728471652300,
-8.1533079248755300,0.5981672299268110,
-8.1700341435719200,0.5975616006257260,
-8.1867773231468200,0.5969559558587730,
-8.2035374984735600,0.5963502935967180,
-8.2203147045493700,0.5957446171881550,
-8.2371089764989600,0.5951389214046710,
-8.2539203495660100,0.5945332095887720,
-8.2707488591285700,0.5939274802752220,
-8.2875945406939300,0.5933217300175180,
-8.3044574298903300,0.5927159595379010,
-8.3213375624812500,0.5921101703135600,
-8.3382349743587000,0.5915043586265950,
-8.3551497015415000,0.5908985255910790,
-8.3720817801830100,0.5902926713646210,
-8.3890312465668800,0.5896867922606930,
-8.4059981371141800,0.5890808903927200,
-8.4229824883621100,0.5884749667489490,
-8.4399843369974100,0.5878690158786610,
-8.4570037198400700,0.5872630392179870,
-8.4740406738403100,0.5866570375957380,
-8.4910952360861900,0.5860510077145170,
-8.5081674438010500,0.5854449527279740,
-8.5252573343450900,0.5848388694898950,
-8.5423649452196800,0.5842327551977630,
-8.5594903140629200,0.5836266131966920,
-8.5766334786442200,0.5830204415484600,
-8.5937944768859700,0.5824142407512050,
-8.6109733468419600,0.5818080043474830,
-8.6281701267114900,0.5812017386752360,
-8.6453848548317400,0.5805954408998310,
-8.6626175696938600,0.5799891098808420,
-8.6798683099148700,0.5793827423948780,
-8.6971371142742900,0.5787763420186480,
-8.7144240216714400,0.5781699083790020,
-8.7317290711891900,0.5775634359506800,
-8.7490523020216000,0.5769569281873500,
-8.7663937535285900,0.5763503828924000,
-8.7837534652131200,0.5757437976759200,
-8.8011314767249300,0.5751371762137100,
-8.8185278278652300,0.5745305139590420,
-8.8359425585898700,0.5739238136261340,
-8.8533757089995100,0.5733170704305490,
-8.8708273193491400,0.5727102869959480,
-8.8882974300468300,0.5721034626080840,
-8.9057860816529400,0.5714965944535330,
-8.9232933148875000,0.5708896825955600,
-8.9408191706156600,0.5702827269957420,
-8.9583636898663100,0.5696757277224720,
-8.9759269138245500,0.5690686816709720,
-8.9935088838287700,0.5684615906834170,
-9.0111096413805200,0.5678544500067110,
-9.0287292281370100,0.5672472650264960,
-9.0463676859193500,0.5666400299126980,
-9.0640250567072700,0.5660327463110700,
-9.0817013826408400,0.5654254147149300,
-9.0993967060274200,0.5648180304177560,
-9.1171110693370400,0.5642105962899440,
-9.1348445151995800,0.5636031111626490,
-9.1525970864137900,0.5629955718298400,
-9.1703688259434200,0.5623879806879540,
-9.1881597769219300,0.5617803345055480,
-9.2059699826470200,0.5611726361746470,
-9.2237994865872900,0.5605648789292550,
-9.2416483323815500,0.5599570704117990,
-9.2595165638391800,0.5593492017497190,
-9.2774042249418800,0.5587412759615870,
-9.2953113598418600,0.5581332929961460,
-9.3132380128667400,0.5575252511216550,
-9.3311842285168500,0.5569171495481960,
-9.3491500514711900,0.5563089876837570,
-9.3671355265796300,0.5557007642851920,
-9.3851406988763600,0.5550924789601800,
-9.4031656135707600,0.5544841322282190,
-9.4212103160522500,0.5538757215006410,
-9.4392748518837300,0.5532672459141130,
-9.4573592668198000,0.5526587077849660,
-9.4754636067940600,0.5520501030049040,
-9.4935879179195200,0.5514414305635110,
-9.5117322464959600,0.5508326950237180,
-9.5298966390102200,0.5502238890276130,
-9.5480811421342900,0.5496150155452910,
-9.5662858027248500,0.5490060729828710,
-9.5845106678324700,0.5483970605028650,
-9.6027557846910600,0.5477879763104780,
-9.6210212007295100,0.5471788210687320,
-9.6393069635676600,0.5465695934788230,
-9.6576131210117300,0.5459602945297220,
-9.6759397210749900,0.5453509216839650,
-9.6942868119525400,0.5447414727911940,
-9.7126544420424000,0.5441319501499540,
-9.7310426599387600,0.5435223504597060,
-9.7494515144296200,0.5429126754200860,
-9.7678810545107500,0.5423029226405050,
-9.7863313293668300,0.5416930911922080,
-9.8048023883938200,0.5410831800739500,
-9.8232942811857700,0.5404731894158950,
-9.8418070575413900,0.5398631196092250,
-9.8603407674641800,0.5392529672707600,
-9.8788954611648900,0.5386427312608100,
-9.8974711890606200,0.5380324140726780,
-9.9160680017764600,0.5374220144722330,
-9.9346859501485800,0.5368115262039760,
-9.9533250852187500,0.5362009582805210,
-9.9719854582467800,0.5355903013390670,
-9.9906671207061200,0.5349795568896250,
-10.0093701242882000,0.5343687250816960,
-10.0280945208835000,0.5337578045688110,
-10.0468403626171000,0.5331467974574120,
-10.0656077018256000,0.5325356980314240,
-10.0843965910643000,0.5319245072748740,
-10.1032070831088000,0.5313132237281790,
-10.1220392309583000,0.5307018516439080,
-10.1408930878394000,0.5300903828172360,
-10.1597687071961000,0.5294788214431990,
-10.1786661427009000,0.5288671652185430,
-10.1975854482525000,0.5282554151732620,
-10.2165266779815000,0.5276435648811200,
-10.2354898862508000,0.5270316179300570,
-10.2544751276445000,0.5264195742794530,
-10.2734824569879000,0.5258074294480950,
-10.2925119293397000,0.5251951858484750,
-10.3115635999865000,0.5245828440891920,
-10.3306375244607000,0.5239703973320370,
-10.3497337585284000,0.5233578490164430,
-10.3688523581979000,0.5227451995801470,
-10.3879933797130000,0.5221324428369030,
-10.4071568795654000,0.5215195825534860,
-10.4263429144908000,0.5209066182921770,
-10.4455515414668000,0.5202935443498280,
-10.4647828177177000,0.5196803667036840,
-10.4840368007195000,0.5190670761455550,
-10.5033135481975000,0.5184536807637010,
-10.5226131181252000,0.5178401727211610,
-10.5419355687297000,0.5172265543073410,
-10.5612809584943000,0.5166128252642780,
-10.5806493461572000,0.5159989815768070,
-10.6000407907123000,0.5153850272625800,
-10.6194553514178000,0.5147709555681560,
-10.6388930877843000,0.5141567706618270,
-10.6583540595882000,0.5135424684966580,
-10.6778383268738000,0.5129280513933790,
-10.6973459499453000,0.5123135127455850,
-10.7168769893756000,0.5116988578400060,
-10.7364315060056000,0.5110840850904830,
-10.7560095609422000,0.5104691872881950,
-10.7756112155739000,0.5098541720288270,
-10.7952365315542000,0.5092390333031230,
-10.8148855708148000,0.5086237707801960,
-10.8345583955636000,0.5080083862363120,
-10.8542550682907000,0.5073928749962520,
-10.8739756517586000,0.5067772359013480,
-10.8937202090186000,0.5061614723313860,
-10.9134888034082000,0.5055455821622380,
-10.9332814985382000,0.5049295602671330,
-10.9530983583198000,0.5043134127471160,
-10.9729394469433000,0.5036971293516430,
-10.9928048288961000,0.5030807202169310,
-11.0126945689596000,0.5024641760664770,
-11.0326087322012000,0.5018474991510820,
-11.0525473839940000,0.5012306881247400,
-11.0725105900006000,0.5006137397033980,
-11.0924984161933000,0.4999966607389560,
-11.1125109288383000,0.4993794398281250,
-11.1325481945111000,0.4987620813958280,
-11.1526102800878000,0.4981445861546190,
-11.1726972527579000,0.4975269506123540,
-11.1928091800186000,0.4969091725272040,
-11.2129461296732000,0.4962912536414170,
-11.2331081698513000,0.4956731934485550,
-11.2532953689853000,0.4950549867420870,
-11.2735077958296000,0.4944366392880020,
-11.2937455194618000,0.4938181442448940,
-11.3140086092780000,0.4931995025656380,
-11.3342971349971000,0.4925807143680820,
-11.3546111666666000,0.4919617752340230,
-11.3749507746616000,0.4913426869413390,
-11.3953160296826000,0.4907234506433430,
-11.4157070027741000,0.4901040627117330,
-11.4361237652999000,0.4894845223318980,
-11.4565663889714000,0.4888648258439520,
-11.4770349458316000,0.4882449769801980,
-11.4975295082731000,0.4876249727143540,
-11.5180501490189000,0.4870048098931580,
-11.5385969411512000,0.4863844927563160,
-11.5591699580907000,0.4857640151131930,
-11.5797692736111000,0.4851433790634320,
-11.6003949618429000,0.4845225812176760,
-11.6210470972612000,0.4839016224615590,
-11.6417257547063000,0.4832805012209820,
-11.6624310093743000,0.4826592188551690,
-11.6831629368229000,0.4820377685218540,
-11.7039216129746000,0.4814161563147650,
-11.7247071141175000,0.4807943729601680,
-11.7455195169121000,0.4801724256805450,
-11.7663588983832000,0.4795503093554070,
-11.7872253359381000,0.4789280196548860,
-11.8081189073547000,0.4783055627317970,
-11.8290396907908000,0.4776829322200380,
-11.8499877647834000,0.4770601310136370,
-11.8709632082608000,0.4764371531156170,
-11.8919661005328000,0.4758140021448920,
-11.9129965212941000,0.4751906729304260,
-11.9340545506390000,0.4745671680030080,
-11.9551402690524000,0.4739434861037460,
-11.9762537574167000,0.4733196218793200,
-11.9973950970129000,0.4726955788076990,
-12.0185643695283000,0.4720713556248310,
-12.0397616570537000,0.4714469479008360,
-12.0609870420847000,0.4708223569828020,
-12.0822406075334000,0.4701975815945690,
-12.1035224367220000,0.4695726186601860,
-12.1248326133844000,0.4689474716211520,
-12.1461712216891000,0.4683221326915940,
-12.1675383462093000,0.4676966072809420,
-12.1889340719591000,0.4670708929021540,
-12.2103584843692000,0.4664449850574170,
-12.2318116693049000,0.4658188845552030,
-12.2532937130652000,0.4651925904830210,
-12.2748047023808000,0.4645661004477140,
-12.2963447244444000,0.4639394151635140,
-12.3179138668627000,0.4633125339181670,
-12.3395122177075000,0.4626854537276150,
-12.3611398654929000,0.4620581745631920,
-12.3827968991858000,0.4614306934770770,
-12.4044834082144000,0.4608030108719790,
-12.4261994824582000,0.4601751275136710,
-12.4479452122707000,0.4595470380951920,
-12.4697206884543000,0.4589187430976040,
-12.4915260022938000,0.4582902424018870,
-12.5133612455432000,0.4576615336431160,
-12.5352265104292000,0.4570326165361810,
-12.5571218896566000,0.4564034889885020,
-12.5790474764177000,0.4557741505585460,
-12.6010033643880000,0.4551445991216510,
-12.6229896477426000,0.4545148348253940,
-12.6450064211137000,0.4538848558700650,
-12.6670537796785000,0.4532546617602760,
-12.6891318190812000,0.4526242477863980,
-12.7112406354742000,0.4519936187504800,
-12.7333803255244000,0.4513627686504570,
-12.7555509864157000,0.4507316972040420,
-12.7777527158328000,0.4501004021666760,
-12.7999856119896000,0.4494688856307810,
-12.8222497736143000,0.4488371420492700,
-12.8445452999661000,0.4482051752832720,
-12.8668722908251000,0.4475729812104390,
-12.8892308465223000,0.4469405581486670,
-12.9116210679070000,0.4463079044286190,
-12.9340430563852000,0.4456750215668100,
-12.9564969139026000,0.4450419056727860,
-12.9789827429498000,0.4444085560655550,
-13.0015006465750000,0.4437749715439620,
-13.0240507283941000,0.4431411519327430,
-13.0466330925696000,0.4425070930986980,
-13.0692478438460000,0.4418727948672650,
-13.0918950875215000,0.4412382586036160,
-13.1145749294797000,0.4406034831334140,
-13.1372874761826000,0.4399684633304600,
-13.1600328346702000,0.4393331971577100,
-13.1828111125808000,0.4386976887829900,
-13.2056224181284000,0.4380619325551870,
-13.2284668601473000,0.4374259266941490,
-13.2513445480446000,0.4367896734420790,
-13.2742555918577000,0.4361531693981570,
-13.2972001022227000,0.4355164144979530,
-13.3201781904003000,0.4348794035924810,
-13.3431899682535000,0.4342421426543970,
-13.3662355482869000,0.4336046207091890,
-13.3893150436240000,0.4329668434355880,
-13.4124285680354000,0.4323288069738620,
-13.4355762359161000,0.4316905105542290,
-13.4587581623141000,0.4310519519540150,
-13.4819744629286000,0.4304131296553540,
-13.5052252541024000,0.4297740451160420,
-13.5285106528439000,0.4291346931024880,
-13.5518307768286000,0.4284950751702800,
-13.5751857444023000,0.4278551870983740,
-13.5985756745714000,0.4272150303518390,
-13.6220006870513000,0.4265745996803580,
-13.6454609022139000,0.4259338983970140,
-13.6689564411312000,0.4252929205684010,
-13.6924874255771000,0.4246516684192720,
-13.7160539780212000,0.4240101370803690,
-13.7396562216488000,0.4233683275528260,
-13.7632942803501000,0.4227262387098870,
-13.7869682787382000,0.4220838671346160,
-13.8106783421475000,0.4214412155626120,
-13.8344245966476000,0.4207982768855690,
-13.8582071690383000,0.4201550508512660,
-13.8820261868663000,0.4195115379020520,
-13.9058817784222000,0.4188677348894540,
-13.9297740727580000,0.4182236415993570,
-13.9537031996775000,0.4175792554257210,
-13.9776692897565000,0.4169345776040850,
-14.0016724743382000,0.4162896019137730,
-14.0257128855486000,0.4156443298199650,
-14.0497906562995000,0.4149987607779050,
-14.0739059202977000,0.4143528899659300,
-14.0980588120370000,0.4137067167450210,
-14.1222494668272000,0.4130602433545610,
-14.1464780207811000,0.4124134623803100,
-14.1707446108367000,0.4117663763169170,
-14.1950493747517000,0.4111189815439590,
-14.2193924511209000,0.4104712763411190,
-14.2437739794021000,0.4098232631745290,
-14.2681940998039000,0.4091749337530560,
-14.2926529534950000,0.4085262924087870,
-14.3171506824592000,0.4078773316896280,
-14.3416874295537000,0.4072280556168470,
-14.3662633385002000,0.4065784618593560,
-14.3908785539140000,0.4059285432197170,
-14.4155332212924000,0.4052783049635850,
-14.4402274870350000,0.4046277412380860,
-14.4649614984410000,0.4039768514040920,
-14.4897354037210000,0.4033256317659140,
-14.5145493520136000,0.4026740865941520,
-14.5394034933724000,0.4020222061514190,
-14.5642979787934000,0.4013699961657670,
-14.5892329602200000,0.4007174497413970,
-14.6142085905349000,0.4000645689448420,
-14.6392250235910000,0.3994113466250520,
-14.6642824142088000,0.3987577865318580,
-14.6893809181796000,0.3981038848900510,
-14.7145206922817000,0.3974496426042900,
-14.7397018942911000,0.3967950515490540,
-14.7649246829852000,0.3961401148080950,
-14.7901892181463000,0.3954848290314380,
-14.8154956605838000,0.3948291937440910,
-14.8408441721315000,0.3941732052726800,
-14.8662349156605000,0.3935168615733650,
-14.8916680550837000,0.3928601625959890,
-14.9171437553896000,0.3922031081225850,
-14.9426621826109000,0.3915456913106060,
-14.9682235038718000,0.3908879153537470,
-14.9938278873659000,0.3902297733059400,
-15.0194755023930000,0.3895712680102250,
-15.0451665193541000,0.3889123972142000,
-15.0709011097604000,0.3882531543670300,
-15.0966794462484000,0.3875935429860920,
-15.1225017025919000,0.3869335569641420,
-15.1483680537141000,0.3862731981521820,
-15.1742786756787000,0.3856124609690720,
-15.2002337457238000,0.3849513448916410,
-15.2262334422655000,0.3842898494057050,
-15.2522779449030000,0.3836279715878940,
-15.2783674344345000,0.3829657090941680,
-15.3045020928645000,0.3823030607987090,
-15.3306821034190000,0.3816400237037480,
-15.3569076505504000,0.3809765955520080,
-15.3831789199689000,0.3803127776465910,
-15.4094960986222000,0.3796485610200980,
-15.4358593747227000,0.3789839521200810,
-15.4622689377780000,0.3783189421566210,
-15.4887249785672000,0.3776535315080560,
-15.5152276891732000,0.3769877195328410,
-15.5417772630039000,0.3763215030106820,
-15.5683738947875000,0.3756548775461990,
-15.5950177805826000,0.3749878461710610,
-15.6217091178060000,0.3743204010913340,
-15.6484481052393000,0.3736525433721010,
-15.6752349430366000,0.3729842701818130,
-15.7020698327463000,0.3723155829917620,
-15.7289529773344000,0.3716464739674350,
-15.7558845811338000,0.3709769417949460,
-15.7828648499531000,0.3703069865933530,
-15.8098939910513000,0.3696366071757750,
-15.8369722131114000,0.3689657987527560,
-15.8640997263160000,0.3682945578208050,
-15.8912767423186000,0.3676228836992280,
-15.9185034742866000,0.3669507775120300,
-15.9457801368842000,0.3662782333143650,
-15.9731069463183000,0.3656052483732980,
-16.0004841203436000,0.3649318225063900,
-16.0279118782701000,0.3642579512519170,
-16.0553904409877000,0.3635836362621590,
-16.0829200309733000,0.3629088713750650,
-16.1105008723167000,0.3622336555535570,
-16.1381331907303000,0.3615579843952270,
-16.1658172135620000,0.3608818599104900,
-16.1935531698247000,0.3602052762106030,
-16.2213412901928000,0.3595282335078790,
-16.2491818070375000,0.3588507266253730,
-16.2770749544350000,0.3581727535173370,
-16.3050209681844000,0.3574943149255910,
-16.3330200858300000,0.3568154053673340,
-16.3610725466672000,0.3561360208089320,
-16.3891785917802000,0.3554561643537810,
-16.4173384640369000,0.3547758276074010,
-16.4455524081238000,0.3540950134349650,
-16.4738206705622000,0.3534137160255440,
-16.5021434997176000,0.3527319328635780,
-16.5305211458259000,0.3520496622175370,
-16.5589538610308000,0.3513669002704710,
-16.5874418993613000,0.3506836468119540,
-16.6159855167907000,0.3499998967936820,
-16.6445849712358000,0.3493156492426660,
-16.6732405225767000,0.3486309011386080,
-16.7019524326930000,0.3479456518696850,
-16.7307209654810000,0.3472598947977300,
-16.7595463868613000,0.3465736271499500,
-16.7884289648102000,0.3458868507098410,
-16.8173689693702000,0.3451995588589460,
-16.8463666727106000,0.3445117511745700,
-16.8754223490952000,0.3438234240485750,
-16.9045362749438000,0.3431345742397010,
-16.9337087288304000,0.3424452015270310,
-16.9629399915380000,0.3417552971003380,
-16.9922303460432000,0.3410648647429340,
-17.0215800775770000,0.3403738984115670,
-17.0509894736327000,0.3396823973833150,
-17.0804588239705000,0.3389903556260040,
-17.1099884206825000,0.3382977712899380,
-17.1395785581944000,0.3376046406705420,
-17.1692295332893000,0.3369109655904710,
-17.1989416451425000,0.3362167380213790,
-17.2287151953490000,0.3355219572146900,
-17.2585504879432000,0.3348266189663590,
-17.2884478294324000,0.3341307205570320,
-17.3184075288075000,0.3334342609487670,
-17.3484298976034000,0.3327372348545570,
-17.3785152499030000,0.3320396387003280,
-17.4086639023616000,0.3313414732235200,
-17.4388761742641000,0.3306427311914170,
-17.4691523875247000,0.3299434110085390,
-17.4994928667352000,0.3292435082582470,
-17.5298979391949000,0.3285430234544830,
-17.5603679349150000,0.3278419509200450,
-17.5909031866972000,0.3271402860268640,
-17.6215040301277000,0.3264380278596850,
-17.6521708036221000,0.3257351706617670,
-17.6829038484623000,0.3250317167559000,
-17.7137035088179000,0.3243276565510500,
-17.7445701317926000,0.3236229892024720,
-17.7755040674606000,0.3229177104624190,
-17.8065056688841000,0.3222118186092780,
-17.8375752921610000,0.3215053117018890,
-17.8687132964631000,0.3207981820054280,
-17.8999200440676000,0.3200904276956420,
-17.9311959003937000,0.3193820464494880,
-17.9625412340437000,0.3186730335680680,
-17.9939564168301000,0.3179633863429570,
-18.0254418238294000,0.3172531009813920,
-18.0569978334178000,0.3165421759434560,
-18.0886248273117000,0.3158306042323880,
-18.1203231905876000,0.3151183834502200,
-18.1520933117641000,0.3144055108254400,
-18.1839355828033000,0.3136919812727680,
-18.2158503991742000,0.3129777910966960,
-18.2478381598976000,0.3122629396654170,
-18.2798992675734000,0.3115474178889710,
-18.3120341284534000,0.3108312282593240,
-18.3442431524542000,0.3101143626729310,
-18.3765267532175000,0.3093968187002400,
-18.4088853481735000,0.3086785894357910,
-18.4413193585457000,0.3079596775767830,
-18.4738292094533000,0.3072400731787340,
-18.5064153299129000,0.3065197736201190,
-18.5390781529140000,0.3057987788324770,
-18.5718181154617000,0.3050770812439280,
-18.6046356586416000,0.3043546747606390,
-18.6375312276363000,0.3036315593240250,
-18.6705052718308000,0.3029077286600120,
-18.7035582448075000,0.3021831805265690,
-18.7366906044568000,0.3014579081889960,
-18.7699028129912000,0.3007319098182180,
-18.8031953370351000,0.3000051819959430,
-18.8365686476374000,0.2992777155577220,
-18.8700232203858000,0.2985495122748690,
-18.9035595354213000,0.2978205624303210,
-18.9371780775280000,0.2970908663346600,
-18.9708793361709000,0.2963604142536440,
-19.0046638055883000,0.2956292090437150,
-19.0385319848151000,0.2948972387545110,
-19.0724843777931000,0.2941645043789890,
-19.1065214933886000,0.2934309954579170,
-19.1406438455025000,0.2926967157206210,
-19.1748519531137000,0.2919616535487200,
-19.2091463403653000,0.2912258065027540,
-19.2435275366078000,0.2904891705738360,
-19.2779960765008000,0.2897517408865990,
-19.3125525000735000,0.2890135117128070,
-19.3471973527962000,0.2882744793402580,
-19.3819311856544000,0.2875346389509020,
-19.4167545552425000,0.2867939846184080,
-19.4516680238215000,0.2860525117149890,
-19.4866721594042000,0.2853102149669890,
-19.5217675358508000,0.2845670919876240,
-19.5569547329385000,0.2838231345019170,
-19.5922343364290000,0.2830783371256110,
-19.6276069382019000,0.2823326966945630,
-19.6630731362853000,0.2815862081030630,
-19.6986335349909000,0.2808388649205950,
-19.7342887449900000,0.2800906632846960,
-19.7700393833758000,0.2793415957076940,
-19.8058860738138000,0.2785916584266770,
-19.8418294465793000,0.2778408444953800,
-19.8778701386995000,0.2770891489582300,
-19.9140087940349000,0.2763365694012310,
-19.9502460633678000,0.2755830970127050,
-19.9865826045482000,0.2748287264869910,
-20.0230190825254000,0.2740734536075640,
-20.0595561695369000,0.2733172686496210,
-20.0961945451632000,0.2725601710096990,
-20.1329348964532000,0.2718021513364140,
-20.1697779180405000,0.2710432052705260,
-20.2067243122565000,0.2702833271304930,
-20.2437747892662000,0.2695225108738990,
-20.2809300671468000,0.2687607484407880,
-20.3181908720541000,0.2679980370335040,
-20.3555579383077000,0.2672343669934680,
-20.3930320085644000,0.2664697336099010,
-20.4306138339007000,0.2657041326563250,
-20.4683041739704000,0.2649375523883180,
-20.5061037971420000,0.2641699927700960,
-20.5440134806263000,0.2634014432328520,
-20.5820340106265000,0.2626318986276820,
-20.6201661824622000,0.2618613523783280,
-20.6584108007334000,0.2610897962000300,
-20.6967686794763000,0.2603172266462440,
-20.7352406423013000,0.2595436348359920,
-20.7738275225452000,0.2587690125188980,
-20.8125301634365000,0.2579933553209910,
-20.8513494182677000,0.2572166551649510,
-20.8902861505509000,0.2564389040758750,
-20.9293412341755000,0.2556600971935260,
-20.9685155536039000,0.2548802253948300,
-21.0078100040172000,0.2540992827598540,
-21.0472254915334000,0.2533172609550140,
-21.0867629333682000,0.2525341509529680,
-21.1264232580301000,0.2517499472618080,
-21.1662074054801000,0.2509646430950410,
-21.2061163273933000,0.2501782305095570,
-21.2461509873037000,0.2493906987613240,
-21.2863123608289000,0.2486020433545260,
-21.3266014358656000,0.2478122554146810,
-21.3670192128268000,0.2470213245329810,
-21.4075667048554000,0.2462292465944590,
-21.4482449380277000,0.2454360109302500,
-21.4890549516028000,0.2446416104972340,
-21.5299977982338000,0.2438460361694900,
-21.5710745442339000,0.2430492794365920,
-21.6122862698056000,0.2422513322405250,
-21.6536340693015000,0.2414521849669760,
-21.6951190514428000,0.2406518295768430,
-21.7367423396380000,0.2398502562284030,
-21.7785050722013000,0.2390474586641570,
-21.8204084026518000,0.2382434258651450,
-21.8624535000138000,0.2374381474484910,
-21.9046415490428000,0.2366316178069950,
-21.9469737505729000,0.2358238242850930,
-21.9894513217964000,0.2350147582280650,
-22.0320754965805000,0.2342044096857340,
-22.0748475257641000,0.2333927721749480,
-22.1177686775040000,0.2325798302271210,
-22.1608402375941000,0.2317655792041130,
-22.2040635098079000,0.2309500060800750,
-22.2474398162371000,0.2301331006777330,
-22.2909704976571000,0.2293148546784710,
-22.3346569138969000,0.2284952575315180,
-22.3785004441844000,0.2276742963221460,
-22.4225024875678000,0.2268519620745500,
-22.4666644632887000,0.2260282433951920,
-22.5109878111783000,0.2252031287974460,
-22.5554739920695000,0.2243766091263770,
-22.6001244882573000,0.2235486721032510,
-22.6449408038832000,0.2227193081843920,
-22.6899244654092000,0.2218885009159310,
-22.7350770220781000,0.2210562450646030,
-22.7804000463603000,0.2202225233107620,
-22.8258951344600000,0.2193873258887940,
-22.8715639068006000,0.2185506430050440,
-22.9174080085281000,0.2177124580860860,
-22.9634291100430000,0.2168727623366480,
-23.0096289075109000,0.2160315414646800,
-23.0560091234612000,0.2151887827676820,
-23.1025715072940000,0.2143444728653110,
-23.1493178358997000,0.2134986004270870,
-23.1962499142530000,0.2126511510107470,
-23.2433695759918000,0.2118021115692910,
-23.2906786841236000,0.2109514689810880,
-23.3381791315848000,0.2100992063502050,
-23.3858728419501000,0.2092453127307100,
-23.4337617701221000,0.2083897745791730,
-23.4818479030459000,0.2075325757110310,
-23.5301332603892000,0.2066737005443940,
-23.5786198953390000,0.2058131370146500,
-23.6273098953284000,0.2049508686793330,
-23.6762053828660000,0.2040868801144370,
-23.7253085163376000,0.2032211563982180,
-23.7746214908372000,0.2023536805538040,
-23.8241465390008000,0.2014844398929880,
-23.8738859319764000,0.2006134139856720,
-23.9238419802608000,0.1997405881090430,
-23.9740170346841000,0.1988659464467860,
-24.0244134873910000,0.1979894726445320,
-24.0750337728044000,0.1971111486300550,
-24.1258803687144000,0.1962309546132080,
-24.1769557973030000,0.1953488783193840,
-24.2282626262562000,0.1944648966648920,
-24.2798034699053000,0.1935789929452660,
-24.3315809904040000,0.1926911509506980,
-24.3835978989377000,0.1918013487516010,
-24.4358569569467000,0.1909095692149760,
-24.4883609774679000,0.1900157920161700,
-24.5411128264192000,0.1891199970164250,
-24.5941154240099000,0.1882221655996430,
-24.6473717461327000,0.1873222768441420,
-24.7008848258759000,0.1864203072391560,
-24.7546577550032000,0.1855162410478630,
-24.8086936855551000,0.1846100533262040,
-24.8629958314289000,0.1837017216418930,
-24.9175674701566000,0.1827912257153890,
-24.9724119445623000,0.1818785422593670,
-25.0275326645801000,0.1809636483252020,
-25.0829331091326000,0.1800465219732020,
-25.1386168280682000,0.1791271367066870,
-25.1945874441638000,0.1782054696880850,
-25.2508486551762000,0.1772814976297280,
-25.3074042360294000,0.1763551925925140,
-25.3642580410241000,0.1754265314684700,
-25.4214140061474000,0.1744954882691980,
-25.4788761514792000,0.1735620355568450,
-25.5366485836812000,0.1726261460738050,
-25.5947354985967000,0.1716877942527530,
-25.6531411838747000,0.1707469494039890,
-25.7118700218426000,0.1698035846502860,
-25.7709264923582000,0.1688576713859560,
-25.8303151758105000,0.1679091789232420,
-25.8900407562572000,0.1669580771470890,
-25.9501080246825000,0.1660043361562450,
-26.0105218823719000,0.1650479234569800,
-26.0712873444400000,0.1640888088146800,
-26.1324095435069000,0.1631269564574950,
-26.1938937335074000,0.1621623367322260,
-26.2557452936488000,0.1611949122615670,
-26.3179697325956000,0.1602246490179430,
-26.3805726927751000,0.1592515142515970,
-26.4435599548751000,0.1582754674253290,
-26.5069374425148000,0.1572964759242430,
-26.5707112272465000,0.1563144978004780,
-26.6348875335292000,0.1553294968110060,
-26.6994727442741000,0.1543414342172510,
-26.7644734062341000,0.1533502668955370,
-26.8298962360144000,0.1523559553542710,
-26.8957481260687000,0.1513584575554070,
-26.9620361511932000,0.1503577282773580,
-27.0287675751184000,0.1493537265753080,
-27.0959498575940000,0.1483464043484970,
-27.1635906617467000,0.1473357163971110,
-27.2316978616767000,0.1463216154150070,
-27.3002795506625000,0.1453040526519230,
-27.3693440495629000,0.1442829791107730,
-27.4388999157127000,0.1432583423859250,
-27.5089559522734000,0.1422300913836830,
-27.5795212180627000,0.1411981704095000,
-27.6506050378370000,0.1401625275107170,
-27.7222170131776000,0.1391231047619380,
-27.7943670338978000,0.1380798440814890,
-27.8670652901353000,0.1370326869256420,
-27.9403222849320000,0.1359815723839600,
-28.0141488476734000,0.1349264369962150,
-28.0885561481704000,0.1338672158169970,
-28.1635557115931000,0.1328038451074700,
-28.2391594341192000,0.1317362559988560,
-28.3153795996077000,0.1306643772127280,
-28.3922288972197000,0.1295881392270640,
-28.4697204399811000,0.1285074664852110,
-28.5478677845210000,0.1274222819883180,
-28.6266849519500000,0.1263325101407940,
-28.7061864500721000,0.1252380676682160,
-28.7863872968439000,0.1241388726958520,
-28.8673030454835000,0.1230348386036660,
-28.9489498109841000,0.1219258772310960,
-29.0313442984041000,0.1208118970472720,
-29.1145038329746000,0.1196928035424030,
-29.1984463922998000,0.1185685005773110,
-29.2831906404561000,0.1174388850765190,
-29.3687559647482000,0.1163038556199300,
-29.4551625146711000,0.1151633034601830,
-29.5424312438187000,0.1140171166560060,
-29.6305839546101000,0.1128651812842310,
-29.7196433463745000,0.1117073767504980,
-29.8096330668406000,0.1105435800514960,
-29.9005777674880000,0.1093736624398220,
-29.9925031631342000,0.1081974898414290,
-30.0854360959882000,0.1070149252630520,
-30.1794046047932000,0.1058258259042810,
-30.2744379994409000,0.1046300403406600,
-30.3705669415161000,0.1034274145821830,
-30.4678235316031000,0.1022177869276260,
-30.5662414038120000,0.1010009888005820,
-30.6658558283384000,0.0997768441040718,
-30.7667038229798000,0.0985451697574103,
-30.8688242744131000,0.0973057755481686,
-30.9722580705706000,0.0960584613592770,
-31.0770482449228000,0.0948030181482763,
-31.1832401345222000,0.0935392264883869,
-31.2908815530400000,0.0922668582278138,
-31.4000229807129000,0.0909856731693040,
-31.5107177732559000,0.0896954182871169,
-31.6230223919759000,0.0883958289597899,
-31.7369966579873000,0.0870866272924426,
-31.8527040335136000,0.0857675188066164,
-31.9702119336807000,0.0844381940071175,
-32.0895920732898000,0.0830983263214789,
-32.2109208533394000,0.0817475707887869,
-32.3342797926167000,0.0803855621178905,
-32.4597560114275000,0.0790119117047352,
-32.5874427749811000,0.0776262087670696,
-32.7174401057798000,0.0762280165641789,
-32.8498554757278000,0.0748168687261570,
-32.9848045912102000,0.0733922694957749,
-33.1224122865776000,0.0719536866433936,
-33.2628135448195000,0.0705005519197755,
-33.4061546681914000,0.0690322553486653,
-33.5525946260951000,0.0675481408387304,
-33.7023066144623000,0.0660474999145740,
-33.8554798678444000,0.0645295682513428,
-34.0123217760936000,0.0629935176238923,
-34.1730603697522000,0.0614384467671624,
-34.3379472557309000,0.0598633745616101,
-34.5072611059616000,0.0582672268435299,
-34.6813118307827000,0.0566488249481765,
-34.8604456083187000,0.0550068698584664,
-35.0450509915024000,0.0533399234368277,
-35.2355663882737000,0.0516463887739232,
-35.4324893081340000,0.0499244787885793,
-35.6363879090464000,0.0481721876548684,
-35.8479155791052000,0.0463872466945184,
-36.0678295804308000,0.0445670726525953,
-36.2970152168076000,0.0427087042223450,
-36.5365176500522000,0.0408087136283790,
-36.7875845198325000,0.0388630969098111,
-37.0517241768172000,0.0368671229285639,
-37.3307870747662000,0.0348151298712040,
-37.6270825637244000,0.0327002385759480,
-37.9435517353031000,0.0305139398067884,
-38.2840328003670000,0.0282454796242779,
-38.6536871075325000,0.0258809030226199,
-39.0597218908024000,0.0234014895917324,
-39.5127059439955000,0.0207810181518199,
-40.0292119846333000,0.0179805544484925,
-40.6377530663221000,0.0149372301486279,
-41.3955013165958000,0.0115352072795492,
-42.4543433878785000,0.0075013897265686,
-44.9381790145330000,0.0013364414409767,
-45.2261985164242000,0.0009224484378228,